Fold,Test Patients,Accuracy,AUC,F1-Score
1.0,"chb01, chb02, chb03, chb04, chb05",0.6581721185958143,0.6181055137587248,0.0744787416503379
2.0,"chb06, chb07, chb08, chb09, chb10",0.8309593876344866,0.5800271501977077,0.0542123871528771
4.0,"chb18, chb19, chb20, chb21, chb22",0.5198960069942199,,0.0
,,0.7445657531151504,0.5990663319782162,0.06434556440160749
